baseDate,baseTime,fcstDate,fcstTime,nx,ny,pcp_raw,POP,REH,TMP,issued_at,forecast_at,pcp_mm,pcp_type,region,collected_at
20261007,1400,20261007,1500,58,121,강수없음,0,35,23,2026-10-07 14:00:00+09:00,2026-10-07 15:00:00+09:00,0.0,none,안산_주변_테스트,2026-10-07T15:41:52.653832+09:00
20261007,1400,20261007,1600,58,121,강수없음,0,40,22,2026-10-07 14:00:00+09:00,2026-10-07 16:00:00+09:00,0.0,none,안산_주변_테스트,2026-10-07T15:41:52.653832+09:00
20261007,1400,20261007,1700,58,121,강수없음,0,45,21,2026-10-07 14:00:00+09:00,2026-10-07 17:00:00+09:00,0.0,none,안산_주변_테스트,2026-10-07T15:41:52.653832+09:00
20261007,1400,20261007,1800,58,121,강수없음,0,55,18,2026-10-07 14:00:00+09:00,2026-10-07 18:00:00+09:00,0.0,none,안산_주변_테스트,2026-10-07T15:41:52.653832+09:00
20261007,1400,20261007,1900,58,121,강수없음,0,65,17,2026-10-07 14:00:00+09:00,2026-10-07 19:00:00+09:00,0.0,none,안산_주변_테스트,2026-10-07T15:41:52.653832+09:00
20261007,1400,20261007,2000,58,121,강수없음,0,70,16,2026-10-07 14:00:00+09:00,2026-10-07 20:00:00+09:00,0.0,none,안산_주변_테스트,2026-10-07T15:41:52.653832+09:00
20261007,1400,20261007,2100,58,121,강수없음,0,70,15,2026-10-07 14:00:00+09:00,2026-10-07 21:00:00+09:00,0.0,none,안산_주변_테스트,2026-10-07T15:41:52.653832+09:00
20261007,1400,20261007,2200,58,121,강수없음,0,75,14,2026-10-07 14:00:00+09:00,2026-10-07 22:00:00+09:00,0.0,none,안산_주변_테스트,2026-10-07T15:41:52.653832+09:00
20261007,1400,20261007,2300,58,121,강수없음,0,75,14,2026-10-07 14:00:00+09:00,2026-10-07 23:00:00+09:00,0.0,none,안산_주변_테스트,2026-10-07T15:41:52.653832+09:00
20261007,1400,20261008,0000,58,121,강수없음,0,75,13,2026-10-07 14:00:00+09:00,2026-10-08 00:00:00+09:00,0.0,none,안산_주변_테스트,2026-10-07T15:41:52.653832+09:00
20261007,1400,20261008,0100,58,121,강수없음,0,80,12,2026-10-07 14:00:00+09:00,2026-10-08 01:00:00+09:00,0.0,none,안산_주변_테스트,2026-10-07T15:41:52.653832+09:00
20261007,1400,20261008,0200,58,121,강수없음,0,85,12,2026-10-07 14:00:00+09:00,2026-10-08 02:00:00+09:00,0.0,none,안산_주변_테스트,2026-10-07T15:41:52.653832+09:00
20261007,1400,20261008,0300,58,121,강수없음,0,90,11,2026-10-07 14:00:00+09:00,2026-10-08 03:00:00+09:00,0.0,none,안산_주변_테스트,2026-10-07T15:41:52.653832+09:00
20261007,1400,20261008,0400,58,121,강수없음,0,90,10,2026-10-07 14:00:00+09:00,2026-10-08 04:00:00+09:00,0.0,none,안산_주변_테스트,2026-10-07T15:41:52.653832+09:00
20261007,1400,20261008,0500,58,121,강수없음,0,90,10,2026-10-07 14:00:00+09:00,2026-10-08 05:00:00+09:00,0.0,none,안산_주변_테스트,2026-10-07T15:41:52.653832+09:00
20261007,1400,20261008,0600,58,121,강수없음,0,90,10,2026-10-07 14:00:00+09:00,2026-10-08 06:00:00+09:00,0.0,none,안산_주변_테스트,2026-10-07T15:41:52.653832+09:00
20261007,1400,20261008,0700,58,121,강수없음,0,90,10,2026-10-07 14:00:00+09:00,2026-10-08 07:00:00+09:00,0.0,none,안산_주변_테스트,2026-10-07T15:41:52.653832+09:00
20261007,1400,20261008,0800,58,121,강수없음,0,80,12,2026-10-07 14:00:00+09:00,2026-10-08 08:00:00+09:00,0.0,none,안산_주변_테스트,2026-10-07T15:41:52.653832+09:00
20261007,1400,20261008,0900,58,121,강수없음,0,65,16,2026-10-07 14:00:00+09:00,2026-10-08 09:00:00+09:00,0.0,none,안산_주변_테스트,2026-10-07T15:41:52.653832+09:00
20261007,1400,20261008,1000,58,121,강수없음,0,50,18,2026-10-07 14:00:00+09:00,2026-10-08 10:00:00+09:00,0.0,none,안산_주변_테스트,2026-10-07T15:41:52.653832+09:00
20261007,1400,20261008,1100,58,121,강수없음,0,45,20,2026-10-07 14:00:00+09:00,2026-10-08 11:00:00+09:00,0.0,none,안산_주변_테스트,2026-10-07T15:41:52.653832+09:00
20261007,1400,20261008,1200,58,121,강수없음,0,40,22,2026-10-07 14:00:00+09:00,2026-10-08 12:00:00+09:00,0.0,none,안산_주변_테스트,2026-10-07T15:41:52.653832+09:00
20261007,1400,20261008,1300,58,121,강수없음,0,40,23,2026-10-07 14:00:00+09:00,2026-10-08 13:00:00+09:00,0.0,none,안산_주변_테스트,2026-10-07T15:41:52.653832+09:00
20261007,1400,20261008,1400,58,121,강수없음,0,40,24,2026-10-07 14:00:00+09:00,2026-10-08 14:00:00+09:00,0.0,none,안산_주변_테스트,2026-10-07T15:41:52.653832+09:00
20261007,1400,20261008,1500,58,121,강수없음,0,40,24,2026-10-07 14:00:00+09:00,2026-10-08 15:00:00+09:00,0.0,none,안산_주변_테스트,2026-10-07T15:41:52.653832+09:00
